id,slug,reference_png,reference_type,priority,consumer_output,composition,layer_notes,target_pixel_dimensions,transparent_final_expected,source_effective_resolution,owner_approval,rights_status,qa_status
01,primary-logo,01_primary_logo_approved_white_3600.png,Exact source crop,critical,Editable horizontal full-colour SVG + transparent PNG/WebP,,Flower + custom wordmark + brushstroke aqua wave + optional tagline,long_edge>=3600,define,measure_not_assume,pending,review,pending
02,brush-wave-closeup,02_primary_wordmark_and_wave_3600.png,Exact source crop,critical,Independent wave SVG plus primary wordmark layers,,Wave should terminate in tapered brush lift-off; preserve purple f flourish,long_edge>=3600,define,measure_not_assume,pending,review,pending
03,flower-symbol,03_flower_symbol_full_colour_3200.png,Exact source crop,critical,Standalone transparent full-colour flower SVG,,"Independent petal/rib/stamen paths, optical balance at small scale",long_edge>=3200,define,measure_not_assume,pending,review,pending
04,compact-lockup,04_compact_logo_3200.png,Exact source crop,high,Compact horizontal SVG,,Preserve approved type and flower; refer to approval board,long_edge>=3200,define,measure_not_assume,pending,review,pending
05,small-flower,05_flower_symbol_mini_source_2400.png,Exact source crop,high,Simplified emblem SVG 128/64/32/16,,"Remove internal details progressively, not recognisable shape",long_edge>=2400,define,measure_not_assume,pending,review,pending
06,dark-square-icon,06_icon_black_square_reference_2400.png,Exact source crop,high,"Dark app-icon SVG/PNG 1024,512,256",,Rounded-square backing separate from flower,long_edge>=2400,define,measure_not_assume,pending,review,pending
07,one-colour-symbol,07_symbol_monochrome_reference_2400.png,Exact source crop,high,Single-colour and reversed white/black SVG,,True single colour; no trace artefacts,long_edge>=2400,define,measure_not_assume,pending,review,pending
08,dark-horizontal-logo,08_dark_logo_source_reference_3200.png,Exact source crop,high,Dark-theme full lockup SVG,,Same mark in a dark context; wave independent,long_edge>=3200,define,measure_not_assume,pending,review,pending
09,handwritten-tagline,09_tagline_handwritten_source_2400.png,Exact source crop,medium,Optional signature tagline SVG,,Editorial accessory; not required for logo,long_edge>=2400,define,measure_not_assume,pending,review,pending
10,photo-icon-reference,10_photo_app_icon_mockup_reference_2400.png,Exact source crop,medium,Lifestyle photo app preview PNG,,Application proof only; no need to vectorize photo,long_edge>=2400,define,measure_not_assume,pending,review,pending
11,app-icon-light,11_app_icon_light_mockup_2048.png,Composite mockup from approved crop,high,Light app tile SVG + PNG/WebP,,Replace white image patch with vector symbol in final master,long_edge>=2048,define,measure_not_assume,pending,review,pending
12,app-icon-dark,12_app_icon_dark_mockup_2048.png,Composite mockup from approved crop,high,Dark app tile SVG + PNG/WebP,,Do not recreate crop white patch in final vector,long_edge>=2048,define,measure_not_assume,pending,review,pending
13,watermark-dark,13_watermark_dark_sample_3200.png,Typographic placeholder mockup,medium,True transparent dark watermark SVG/PNG,,Rebuild approved wordmark: placeholder font is NOT final identity,long_edge>=3200,define,measure_not_assume,pending,review,pending
14,watermark-light,14_watermark_light_sample_3200.png,Typographic placeholder mockup,medium,True transparent white watermark SVG/PNG,,Rebuild approved wordmark: placeholder font is NOT final identity,long_edge>=3200,define,measure_not_assume,pending,review,pending
15,web-hero,15_website_header_mockup_3200x1800.png,Composed editorial usage mockup,medium,Responsive hero treatment Figma/CSS/PNG,,"Abstract teal background is illustrative, not a mandated photograph",long_edge>=3200,define,measure_not_assume,pending,review,pending
16,social-avatar,16_social_avatar_mockup_2400.png,Composite mockup from approved crop,medium,Profile avatar SVG/PNG,,Preserve legibility under circular clipping,long_edge>=2400,define,measure_not_assume,pending,review,pending
17,social-header,17_social_header_dark_mockup_3200x1200.png,Composite mockup from approved crop,low,Dark social cover layout PNG/HTML,,"Context / safe zones, not a separate logo master",long_edge>=3200,define,measure_not_assume,pending,review,pending
18,photo-watermark-demo,18_photo_watermark_placement_mockup_3840.png,Constructed layout mockup,low,Watermark overlay example PNG,,"Photography background illustrated, not real photo",long_edge>=3840,define,measure_not_assume,pending,review,pending
